{
  "taskId": "1",
  "userId": "2025-09-04T11:17:41.705Z",
  "screenId": "6_screen_1",
  "currentSheet": "sheet1",
  "taskData": {
    "voice": "",
    "startTimeVoice": "",
    "endTimeVoice": "",
    "switchNumber": 1,
    "currentSheet": 1,
    "id": "1",
    "description": "",
    "group": "A",
    "resets": 0,
    "language": "ENGLISH",
    "picture_file_name": "task_1.png",
    "taskNumber": 6,
    "startTimeWatching": "2025-09-04T11:17:36.707Z",
    "endTimeWatching": "2025-09-04T11:17:41.705Z",
    "timeWatching": 4998,
    "startTimeDrawing": "2025-09-04T11:17:40.713Z",
    "endTimeDrawing": "2025-09-04T11:17:41.705Z",
    "timeDrawing": 992
  },
  "codes": {
    "OPERATION": {
      "SIMPLE": null,
      "KNOWLEDGE": null,
      "DETAILS": null
    },
    "EMPHASIS": null,
    "EXAMPLE": {
      "VERBAL": null,
      "SAMPLE": null
    },
    "LOCATION": {
      "SELECTION": null,
      "EXL": null,
      "ENTRY": null,
      "POSITION": null,
      "CONNECTEDANNOTATION": null
    },
    "CONNECTION": null,
    "IMPLICATION": null,
    "GUI": null
  }
}