{
  "taskId": "14",
  "userId": "2025-09-04T11:18:20.137Z",
  "screenId": "9_screen_14",
  "currentSheet": "sheet1",
  "taskData": {
    "voice": "",
    "startTimeVoice": "",
    "endTimeVoice": "",
    "switchNumber": 1,
    "currentSheet": 1,
    "id": "14",
    "description": "",
    "group": "B",
    "resets": 0,
    "language": "ENGLISH",
    "picture_file_name": "task_14.png",
    "taskNumber": 9,
    "startTimeWatching": "2025-09-04T11:18:08.505Z",
    "endTimeWatching": "2025-09-04T11:18:20.137Z",
    "timeWatching": 11632,
    "startTimeDrawing": "2025-09-04T11:18:17.783Z",
    "endTimeDrawing": "2025-09-04T11:18:20.137Z",
    "timeDrawing": 2354
  },
  "codes": {
    "OPERATION": {
      "SIMPLE": null,
      "KNOWLEDGE": null,
      "DETAILS": null
    },
    "EMPHASIS": null,
    "EXAMPLE": {
      "VERBAL": null,
      "SAMPLE": null
    },
    "LOCATION": {
      "SELECTION": null,
      "EXL": null,
      "ENTRY": null,
      "POSITION": null,
      "CONNECTEDANNOTATION": null
    },
    "CONNECTION": null,
    "IMPLICATION": null,
    "GUI": null
  }
}