{
  "taskId": "19",
  "userId": "2025-09-04T11:20:37.840Z",
  "screenId": "18_screen_19",
  "currentSheet": "sheet1",
  "taskData": {
    "voice": "",
    "startTimeVoice": "",
    "endTimeVoice": "",
    "switchNumber": 3,
    "currentSheet": 1,
    "id": "19",
    "description": "Conditional Formatting",
    "group": "C",
    "resets": 0,
    "language": "ENGLISH",
    "picture_file_name": "task_19.png",
    "taskNumber": 18,
    "startTimeWatching": "2025-09-04T11:20:15.655Z",
    "endTimeWatching": "2025-09-04T11:20:37.840Z",
    "timeWatching": 22185,
    "startTimeDrawing": "2025-09-04T11:20:36.006Z",
    "endTimeDrawing": "2025-09-04T11:20:37.840Z",
    "timeDrawing": 1834
  },
  "codes": {
    "OPERATION": {
      "SIMPLE": null,
      "KNOWLEDGE": null,
      "DETAILS": null
    },
    "EMPHASIS": null,
    "EXAMPLE": {
      "VERBAL": null,
      "SAMPLE": null
    },
    "LOCATION": {
      "SELECTION": null,
      "EXL": null,
      "ENTRY": null,
      "POSITION": null,
      "CONNECTEDANNOTATION": null
    },
    "CONNECTION": null,
    "IMPLICATION": null,
    "GUI": null
  }
}