{
  "taskId": "E",
  "userId": "2025-09-04T11:18:27.784Z",
  "screenId": "10_screen_E",
  "currentSheet": "sheet1",
  "taskData": {
    "voice": "",
    "startTimeVoice": "",
    "endTimeVoice": "",
    "switchNumber": 1,
    "currentSheet": 1,
    "id": "E",
    "description": "",
    "group": "B",
    "resets": 0,
    "language": "ENGLISH",
    "picture_file_name": "task_E.png",
    "taskNumber": 10,
    "startTimeWatching": "2025-09-04T11:18:22.242Z",
    "endTimeWatching": "2025-09-04T11:18:27.784Z",
    "timeWatching": 5542,
    "startTimeDrawing": "2025-09-04T11:18:27.000Z",
    "endTimeDrawing": "2025-09-04T11:18:27.784Z",
    "timeDrawing": 784
  },
  "codes": {
    "OPERATION": {
      "SIMPLE": null,
      "KNOWLEDGE": null,
      "DETAILS": null
    },
    "EMPHASIS": null,
    "EXAMPLE": {
      "VERBAL": null,
      "SAMPLE": null
    },
    "LOCATION": {
      "SELECTION": null,
      "EXL": null,
      "ENTRY": null,
      "POSITION": null,
      "CONNECTEDANNOTATION": null
    },
    "CONNECTION": null,
    "IMPLICATION": null,
    "GUI": null
  }
}