{
  "taskId": "18",
  "userId": "2025-09-04T11:22:06.614Z",
  "screenId": "20_screen_18",
  "currentSheet": "sheet1",
  "taskData": {
    "voice": "",
    "startTimeVoice": "",
    "endTimeVoice": "",
    "switchNumber": 4,
    "currentSheet": 1,
    "id": "18",
    "description": "Calculation: gross hourly rate, e.g. D10 = C10+C15*C10",
    "group": "C",
    "resets": 0,
    "language": "ENGLISH",
    "picture_file_name": "task_18.png",
    "taskNumber": 20,
    "startTimeWatching": "2025-09-04T11:21:07.934Z",
    "endTimeWatching": "2025-09-04T11:22:06.614Z",
    "timeWatching": 58680,
    "startTimeDrawing": "2025-09-04T11:22:05.276Z",
    "endTimeDrawing": "2025-09-04T11:22:06.614Z",
    "timeDrawing": 1338
  },
  "codes": {
    "OPERATION": {
      "SIMPLE": null,
      "KNOWLEDGE": null,
      "DETAILS": null
    },
    "EMPHASIS": null,
    "EXAMPLE": {
      "VERBAL": null,
      "SAMPLE": null
    },
    "LOCATION": {
      "SELECTION": null,
      "EXL": null,
      "ENTRY": null,
      "POSITION": null,
      "CONNECTEDANNOTATION": null
    },
    "CONNECTION": null,
    "IMPLICATION": null,
    "GUI": null
  }
}