{
  "taskId": "9",
  "userId": "2025-09-04T11:19:24.295Z",
  "screenId": "14_screen_9",
  "currentSheet": "sheet1",
  "taskData": {
    "voice": "",
    "startTimeVoice": "",
    "endTimeVoice": "",
    "switchNumber": 2,
    "currentSheet": 1,
    "id": "9",
    "description": "",
    "group": "B",
    "resets": 0,
    "language": "ENGLISH",
    "picture_file_name": "task_9.png",
    "taskNumber": 14,
    "startTimeWatching": "2025-09-04T11:19:18.554Z",
    "endTimeWatching": "2025-09-04T11:19:24.294Z",
    "timeWatching": 5740,
    "startTimeDrawing": "2025-09-04T11:19:22.942Z",
    "endTimeDrawing": "2025-09-04T11:19:24.294Z",
    "timeDrawing": 1352
  },
  "codes": {
    "OPERATION": {
      "SIMPLE": null,
      "KNOWLEDGE": null,
      "DETAILS": null
    },
    "EMPHASIS": null,
    "EXAMPLE": {
      "VERBAL": null,
      "SAMPLE": null
    },
    "LOCATION": {
      "SELECTION": null,
      "EXL": null,
      "ENTRY": null,
      "POSITION": null,
      "CONNECTEDANNOTATION": null
    },
    "CONNECTION": null,
    "IMPLICATION": null,
    "GUI": null
  }
}