{
  "taskId": "7",
  "userId": "2025-09-04T11:17:34.987Z",
  "screenId": "5_screen_7",
  "currentSheet": "sheet1",
  "taskData": {
    "voice": "",
    "startTimeVoice": "",
    "endTimeVoice": "",
    "switchNumber": 2,
    "currentSheet": 1,
    "id": "7",
    "description": "",
    "group": "A",
    "resets": 0,
    "language": "ENGLISH",
    "picture_file_name": "task_7.png",
    "taskNumber": 5,
    "startTimeWatching": "2025-09-04T11:17:26.346Z",
    "endTimeWatching": "2025-09-04T11:17:34.987Z",
    "timeWatching": 8641,
    "startTimeDrawing": "2025-09-04T11:17:33.763Z",
    "endTimeDrawing": "2025-09-04T11:17:34.987Z",
    "timeDrawing": 1224
  },
  "codes": {
    "OPERATION": {
      "SIMPLE": null,
      "KNOWLEDGE": null,
      "DETAILS": null
    },
    "EMPHASIS": null,
    "EXAMPLE": {
      "VERBAL": null,
      "SAMPLE": null
    },
    "LOCATION": {
      "SELECTION": null,
      "EXL": null,
      "ENTRY": null,
      "POSITION": null,
      "CONNECTEDANNOTATION": null
    },
    "CONNECTION": null,
    "IMPLICATION": null,
    "GUI": null
  }
}