{
  "taskId": "16",
  "userId": "2025-09-04T11:21:06.538Z",
  "screenId": "19_screen_16",
  "currentSheet": "sheet2",
  "taskData": {
    "voice": "",
    "startTimeVoice": "",
    "endTimeVoice": "",
    "switchNumber": 6,
    "currentSheet": 2,
    "id": "16",
    "description": "In what way have the names been rearranged?",
    "group": "C",
    "resets": 0,
    "language": "ENGLISH",
    "picture_file_name": "task_16.png",
    "taskNumber": 19,
    "startTimeWatching": "2025-09-04T11:20:39.417Z",
    "endTimeWatching": "2025-09-04T11:21:06.538Z",
    "timeWatching": 27121,
    "startTimeDrawing": "2025-09-04T11:21:02.694Z",
    "endTimeDrawing": "2025-09-04T11:21:06.538Z",
    "timeDrawing": 3844
  },
  "codes": {
    "OPERATION": {
      "SIMPLE": null,
      "KNOWLEDGE": null,
      "DETAILS": null
    },
    "EMPHASIS": null,
    "EXAMPLE": {
      "VERBAL": null,
      "SAMPLE": null
    },
    "LOCATION": {
      "SELECTION": null,
      "EXL": null,
      "ENTRY": null,
      "POSITION": null,
      "CONNECTEDANNOTATION": null
    },
    "CONNECTION": null,
    "IMPLICATION": null,
    "GUI": null
  }
}