{
  "taskId": "G",
  "userId": "2025-09-04T11:17:12.016Z",
  "screenId": "2_screen_G",
  "currentSheet": "sheet1",
  "taskData": {
    "voice": "",
    "startTimeVoice": "",
    "endTimeVoice": "",
    "switchNumber": 2,
    "currentSheet": 1,
    "id": "G",
    "description": "Calculation, e.g. K7 = SUM(E7:J7)/6",
    "group": "P",
    "resets": 0,
    "language": "ENGLISH",
    "picture_file_name": "task_G.png",
    "taskNumber": 2,
    "startTimeWatching": "2025-09-04T11:17:05.090Z",
    "endTimeWatching": "2025-09-04T11:17:12.016Z",
    "timeWatching": 6926,
    "startTimeDrawing": "2025-09-04T11:17:09.247Z",
    "endTimeDrawing": "2025-09-04T11:17:12.016Z",
    "timeDrawing": 2769
  },
  "codes": {
    "OPERATION": {
      "SIMPLE": null,
      "KNOWLEDGE": null,
      "DETAILS": null
    },
    "EMPHASIS": null,
    "EXAMPLE": {
      "VERBAL": null,
      "SAMPLE": null
    },
    "LOCATION": {
      "SELECTION": null,
      "EXL": null,
      "ENTRY": null,
      "POSITION": null,
      "CONNECTEDANNOTATION": null
    },
    "CONNECTION": null,
    "IMPLICATION": null,
    "GUI": null
  }
}