{
  "taskId": "10",
  "userId": "2025-09-04T11:18:49.564Z",
  "screenId": "11_screen_10",
  "currentSheet": "sheet1",
  "taskData": {
    "voice": "",
    "startTimeVoice": "",
    "endTimeVoice": "",
    "switchNumber": 3,
    "currentSheet": 1,
    "id": "10",
    "description": "",
    "group": "B",
    "resets": 0,
    "language": "ENGLISH",
    "picture_file_name": "task_10.png",
    "taskNumber": 11,
    "startTimeWatching": "2025-09-04T11:18:30.548Z",
    "endTimeWatching": "2025-09-04T11:18:49.564Z",
    "timeWatching": 19016,
    "startTimeDrawing": "2025-09-04T11:18:47.493Z",
    "endTimeDrawing": "2025-09-04T11:18:49.564Z",
    "timeDrawing": 2071
  },
  "codes": {
    "OPERATION": {
      "SIMPLE": null,
      "KNOWLEDGE": null,
      "DETAILS": null
    },
    "EMPHASIS": null,
    "EXAMPLE": {
      "VERBAL": null,
      "SAMPLE": null
    },
    "LOCATION": {
      "SELECTION": null,
      "EXL": null,
      "ENTRY": null,
      "POSITION": null,
      "CONNECTEDANNOTATION": null
    },
    "CONNECTION": null,
    "IMPLICATION": null,
    "GUI": null
  }
}