{
  "taskId": "C",
  "userId": "2025-09-04T11:17:03.017Z",
  "screenId": "1_screen_C",
  "currentSheet": "sheet1",
  "taskData": {
    "voice": "",
    "startTimeVoice": "",
    "endTimeVoice": "",
    "switchNumber": 2,
    "currentSheet": 1,
    "id": "C",
    "description": "",
    "group": "P",
    "resets": 0,
    "language": "ENGLISH",
    "picture_file_name": "task_C.png",
    "taskNumber": 1,
    "startTimeWatching": "2025-09-04T11:16:57.735Z",
    "endTimeWatching": "2025-09-04T11:17:03.017Z",
    "timeWatching": 5282
  },
  "codes": {
    "OPERATION": {
      "SIMPLE": null,
      "KNOWLEDGE": null,
      "DETAILS": null
    },
    "EMPHASIS": null,
    "EXAMPLE": {
      "VERBAL": null,
      "SAMPLE": null
    },
    "LOCATION": {
      "SELECTION": null,
      "EXL": null,
      "ENTRY": null,
      "POSITION": null,
      "CONNECTEDANNOTATION": null
    },
    "CONNECTION": null,
    "IMPLICATION": null,
    "GUI": null
  }
}