{
  "taskId": "4",
  "userId": "2025-09-04T11:17:51.808Z",
  "screenId": "7_screen_4",
  "currentSheet": "sheet1",
  "taskData": {
    "voice": "",
    "startTimeVoice": "",
    "endTimeVoice": "",
    "switchNumber": 1,
    "currentSheet": 1,
    "id": "4",
    "description": "Calculation: K9 = I9 + J9",
    "group": "A",
    "resets": 0,
    "language": "ENGLISH",
    "picture_file_name": "task_4.png",
    "taskNumber": 7,
    "startTimeWatching": "2025-09-04T11:17:43.140Z",
    "endTimeWatching": "2025-09-04T11:17:51.808Z",
    "timeWatching": 8668,
    "startTimeDrawing": "2025-09-04T11:17:49.070Z",
    "endTimeDrawing": "2025-09-04T11:17:51.808Z",
    "timeDrawing": 2738
  },
  "codes": {
    "OPERATION": {
      "SIMPLE": null,
      "KNOWLEDGE": null,
      "DETAILS": null
    },
    "EMPHASIS": null,
    "EXAMPLE": {
      "VERBAL": null,
      "SAMPLE": null
    },
    "LOCATION": {
      "SELECTION": null,
      "EXL": null,
      "ENTRY": null,
      "POSITION": null,
      "CONNECTEDANNOTATION": null
    },
    "CONNECTION": null,
    "IMPLICATION": null,
    "GUI": null
  }
}